City_ID,City,Country,Date,Lat,Lng,Max Temp,Humidity,Cloudiness,Wind Speed,Weather Description
0,Nikolskoye,RU,2022-05-23 02:33:01,59.7035,30.7861,44.78,57,87,2.98,overcast clouds
1,Iqaluit,CA,2022-05-23 02:33:01,63.7506,-68.5145,22.73,79,100,18.41,light snow
2,Tuktoyaktuk,CA,2022-05-23 02:33:02,69.4541,-133.0374,19.4,86,100,14.97,overcast clouds
3,Albany,US,2022-05-23 02:32:16,42.6001,-73.9662,63.01,81,98,11.68,overcast clouds
4,Camocim,BR,2022-05-23 02:33:02,-2.9022,-40.8411,74.86,90,10,5.41,clear sky
5,Sitka,US,2022-05-23 02:33:03,57.0531,-135.33,51.69,76,100,5.75,overcast clouds
6,Inirida,CO,2022-05-23 02:33:03,3.8653,-67.9239,72.99,97,100,2.62,overcast clouds
7,Narsaq,GL,2022-05-23 02:33:04,60.9167,-46.05,37.62,92,98,6.98,overcast clouds
8,Kholodnyy,RU,2022-05-23 02:33:04,62.7167,147.95,36.52,98,100,3.11,light rain
9,Honiara,SB,2022-05-23 02:32:30,-9.4333,159.95,85.19,71,32,4.29,scattered clouds
10,Kaitangata,NZ,2022-05-23 02:33:05,-46.2817,169.8464,51.37,70,100,17.16,overcast clouds
11,San Vicente,AR,2022-05-23 02:33:06,-26.6167,-54.1333,53.73,72,100,0.6,overcast clouds
12,Mpulungu,ZM,2022-05-23 02:33:06,-8.7623,31.1141,70.02,69,80,5.93,broken clouds
13,Jamestown,US,2022-05-23 02:33:07,42.097,-79.2353,49.64,94,40,5.75,scattered clouds
14,Patacamaya,BO,2022-05-23 02:33:07,-17.2333,-67.9167,38.93,28,0,2.48,clear sky
15,Makakilo City,US,2022-05-23 02:29:51,21.3469,-158.0858,80.92,56,0,14.97,clear sky
16,Busselton,AU,2022-05-23 02:33:08,-33.65,115.3333,60.28,83,92,22.26,light rain
17,Korla,CN,2022-05-23 02:33:08,41.7597,86.1469,81.09,20,100,18.03,overcast clouds
18,Saint George,US,2022-05-23 02:28:38,37.1041,-113.5841,84.63,10,0,9.22,clear sky
19,Puerto Ayora,EC,2022-05-23 02:33:09,-0.7393,-90.3518,72.01,90,38,6.42,scattered clouds
20,Bethel,US,2022-05-23 02:32:28,41.3712,-73.414,71.91,89,20,3.44,few clouds
21,Hermanus,ZA,2022-05-23 02:33:10,-34.4187,19.2345,58.42,83,64,7.0,broken clouds
22,Pangnirtung,CA,2022-05-23 02:33:10,66.1451,-65.7125,25.45,98,100,7.92,light snow
23,Banda Aceh,ID,2022-05-23 02:33:11,5.5577,95.3222,85.53,67,100,13.62,overcast clouds
24,Severo-Kurilsk,RU,2022-05-23 02:32:17,50.6789,156.125,41.95,96,100,15.21,overcast clouds
25,Longyearbyen,SJ,2022-05-23 02:33:11,78.2186,15.6401,35.44,87,75,1.14,broken clouds
26,Adrar,MR,2022-05-23 02:33:12,20.5022,-10.0711,86.76,18,80,7.36,broken clouds
27,Hirara,JP,2022-05-23 02:28:16,24.8,125.2833,79.07,78,75,16.11,broken clouds
28,Rikitea,PF,2022-05-23 02:33:13,-23.1203,-134.9692,76.05,76,51,16.73,broken clouds
29,Sakaiminato,JP,2022-05-23 02:33:14,35.55,133.2333,75.13,56,20,6.91,few clouds
30,Skjervoy,NO,2022-05-23 02:33:15,70.0311,20.9714,42.8,81,100,5.55,overcast clouds
31,Ancud,CL,2022-05-23 02:33:16,-41.8697,-73.8203,48.45,76,73,18.5,light rain
32,Margate,GB,2022-05-23 02:30:30,51.3813,1.3862,59.31,80,98,7.92,overcast clouds
33,Sao Joao Da Barra,BR,2022-05-23 02:33:16,-21.6403,-41.0511,69.53,72,20,6.49,few clouds
34,Norman Wells,CA,2022-05-23 02:33:17,65.282,-126.8329,44.64,61,75,4.61,light intensity shower rain
35,Upernavik,GL,2022-05-23 02:33:17,72.7868,-56.1549,31.87,82,99,16.91,overcast clouds
36,Stornoway,GB,2022-05-23 02:33:18,58.2093,-6.3865,48.16,97,75,4.61,broken clouds
37,Thompson,CA,2022-05-23 02:30:16,55.7435,-97.8558,60.96,23,75,12.66,broken clouds
38,Mataura,NZ,2022-05-23 02:33:18,-46.1927,168.8643,50.49,75,79,9.46,broken clouds
39,Nizhniy Kuranakh,RU,2022-05-23 02:33:19,58.8353,125.4869,55.42,58,22,7.96,light rain
40,Leshan,CN,2022-05-23 02:33:19,29.5623,103.7639,77.65,61,35,2.77,scattered clouds
41,Bilibino,RU,2022-05-23 02:32:20,68.0546,166.4372,52.43,47,95,8.57,overcast clouds
42,Punta Arenas,CL,2022-05-23 02:33:20,-53.15,-70.9167,30.31,93,40,5.75,scattered clouds
43,Boueni,YT,2022-05-23 02:33:20,-12.9025,45.0761,80.58,69,84,1.77,light rain
44,Volchikha,RU,2022-05-23 02:33:21,52.0333,80.3833,61.79,28,81,6.26,broken clouds
45,Ambilobe,MG,2022-05-23 02:33:21,-13.2,49.05,70.86,76,99,4.16,overcast clouds
46,Vila Velha,BR,2022-05-23 02:30:36,-20.3297,-40.2925,66.15,94,40,1.14,scattered clouds
47,Jingdezhen,CN,2022-05-23 02:34:22,29.2947,117.2079,68.16,94,100,0.87,overcast clouds
48,Bambous Virieux,MU,2022-05-23 02:34:22,-20.3428,57.7575,73.65,73,40,5.75,scattered clouds
49,Talara,PE,2022-05-23 02:34:22,-4.5772,-81.2719,67.46,83,17,17.54,few clouds
50,Tuatapere,NZ,2022-05-23 02:34:23,-46.1333,167.6833,52.74,69,42,11.7,scattered clouds
51,Gat,IL,2022-05-23 02:30:05,31.61,34.7642,66.4,100,4,10.18,clear sky
52,Kiama,AU,2022-05-23 02:32:03,-34.6833,150.8667,61.57,96,99,5.01,light rain
53,Romny,UA,2022-05-23 02:34:24,50.751,33.4747,42.67,90,96,5.61,overcast clouds
54,Cartagena,CO,2022-05-23 02:31:44,10.3997,-75.5144,82.02,89,20,9.22,few clouds
55,Boguchany,RU,2022-05-23 02:34:24,58.3814,97.4531,65.46,50,0,1.61,clear sky
56,Morant Bay,JM,2022-05-23 02:34:25,17.8815,-76.4093,82.02,85,91,9.35,overcast clouds
57,Hualmay,PE,2022-05-23 02:34:25,-11.0964,-77.6139,63.93,88,31,6.96,scattered clouds
58,Pisco,PE,2022-05-23 02:33:52,-13.7,-76.2167,63.01,88,100,4.61,mist
59,Samarai,PG,2022-05-23 02:34:26,-10.6167,150.6667,83.07,72,17,8.55,few clouds
60,East London,ZA,2022-05-23 02:34:26,-33.0153,27.9116,59.27,79,58,3.89,broken clouds
61,Bengkulu,ID,2022-05-23 02:34:27,-3.8004,102.2655,83.39,70,81,2.73,broken clouds
62,Castro,BR,2022-05-23 02:34:27,-24.7911,-50.0119,49.23,79,97,3.09,overcast clouds
63,Airai,TL,2022-05-23 02:34:27,-8.9266,125.4092,73.81,47,9,5.14,clear sky
64,New Norfolk,AU,2022-05-23 02:34:28,-42.7826,147.0587,59.92,58,8,1.99,clear sky
65,Bluff,NZ,2022-05-23 02:34:28,-46.6,168.3333,50.81,77,99,28.79,overcast clouds
66,Leningradskiy,RU,2022-05-23 02:34:29,69.3833,178.4167,38.21,89,34,1.48,scattered clouds
67,Geraldton,AU,2022-05-23 02:34:29,-28.7667,114.6,70.21,68,40,23.02,scattered clouds
68,Inuvik,CA,2022-05-23 02:29:54,68.3499,-133.7218,30.96,59,40,11.5,scattered clouds
69,Qaanaaq,GL,2022-05-23 02:33:49,77.484,-69.3632,26.56,80,100,8.28,overcast clouds
70,Vaini,TO,2022-05-23 02:34:30,-21.2,-175.2,82.56,83,40,8.05,scattered clouds
71,Hilo,US,2022-05-23 02:31:19,19.7297,-155.09,82.27,80,100,11.5,overcast clouds
72,Sonari,IN,2022-05-23 02:34:31,27.0667,95.0333,80.65,73,97,0.22,overcast clouds
73,Najran,SA,2022-05-23 02:34:31,17.4924,44.1277,70.45,14,8,4.56,clear sky
74,Isiro,CD,2022-05-23 02:34:31,2.7739,27.616,65.77,99,100,2.17,overcast clouds
75,Harper,LR,2022-05-23 02:34:32,4.375,-7.7169,76.35,88,100,6.69,overcast clouds
76,Astana,KZ,2022-05-23 02:32:26,51.1801,71.446,53.55,50,0,20.13,clear sky
77,Kavieng,PG,2022-05-23 02:34:32,-2.5744,150.7967,85.95,62,60,15.1,broken clouds
78,Cherskiy,RU,2022-05-23 02:34:33,68.75,161.3,58.14,35,100,15.93,overcast clouds
79,Kruisfontein,ZA,2022-05-23 02:34:33,-34.0033,24.7314,54.19,75,89,4.03,overcast clouds
80,Axim,GH,2022-05-23 02:34:33,4.8699,-2.2405,74.84,89,97,5.5,overcast clouds
81,La Maddalena,IT,2022-05-23 02:34:34,41.2142,9.4083,59.16,59,7,1.97,clear sky
82,Hibbing,US,2022-05-23 02:34:34,47.4272,-92.9377,47.55,41,100,0.0,overcast clouds
83,Nanortalik,GL,2022-05-23 02:34:35,60.1432,-45.2371,34.84,89,83,11.79,light snow
84,Lompoc,US,2022-05-23 02:31:00,34.6391,-120.4579,62.74,79,75,24.0,haze
85,Klaksvik,FO,2022-05-23 02:34:35,62.2266,-6.589,47.32,85,53,9.28,broken clouds
86,Ponta Do Sol,PT,2022-05-23 02:34:36,32.6667,-17.1,66.83,67,32,5.77,scattered clouds
87,Yellowknife,CA,2022-05-23 02:30:16,62.456,-114.3525,36.12,64,100,8.05,light snow
88,Torbay,CA,2022-05-23 02:34:37,47.6666,-52.7314,54.37,59,100,17.27,overcast clouds
89,Carnarvon,AU,2022-05-23 02:34:37,-24.8667,113.6333,72.68,54,11,16.31,few clouds
90,Egvekinot,RU,2022-05-23 02:34:37,66.3167,-179.1667,50.38,44,100,2.91,overcast clouds
91,Northam,GB,2022-05-23 02:34:38,51.0333,-4.2167,54.39,92,68,7.16,broken clouds
92,Mahebourg,MU,2022-05-23 02:34:38,-20.4081,57.7,73.69,73,40,5.75,scattered clouds
93,Urucara,BR,2022-05-23 02:34:39,-2.5364,-57.76,72.52,96,9,2.73,clear sky
94,Kazachinskoye,RU,2022-05-23 02:35:39,57.6953,93.2761,65.46,44,1,7.34,clear sky
95,Kutum,SD,2022-05-23 02:35:39,14.2,24.6667,71.24,22,10,7.07,clear sky
96,Saint-Philippe,RE,2022-05-23 02:35:40,-21.3585,55.7679,69.39,73,32,7.27,scattered clouds
97,Port Elizabeth,ZA,2022-05-23 02:35:40,-33.918,25.5701,50.29,100,0,0.0,clear sky
98,Awjilah,LY,2022-05-23 02:35:41,29.1081,21.2869,65.59,34,0,3.85,clear sky
99,Cayenne,GF,2022-05-23 02:35:41,4.9333,-52.3333,82.09,1,75,4.0,broken clouds
100,Dunedin,NZ,2022-05-23 02:35:41,-45.8742,170.5036,55.8,43,11,11.99,few clouds
101,Ixtapa,MX,2022-05-23 02:33:52,20.7,-105.2,76.23,83,0,8.05,clear sky
102,Pevek,RU,2022-05-23 02:35:08,69.7008,170.3133,36.52,91,80,6.6,broken clouds
103,Olafsvik,IS,2022-05-23 02:35:42,64.8945,-23.7142,40.95,71,0,12.97,clear sky
104,Souillac,MU,2022-05-23 02:35:43,-20.5167,57.5167,73.78,73,40,5.75,scattered clouds
105,Zabaykalsk,RU,2022-05-23 02:35:43,49.6333,117.3167,59.18,61,95,17.72,moderate rain
106,Arawa,PG,2022-05-23 02:35:44,-6.2132,155.5367,86.65,64,29,5.26,scattered clouds
107,Paso De Los Toros,UY,2022-05-23 02:35:44,-32.8167,-56.5167,50.22,91,10,7.96,clear sky
108,Saskylakh,RU,2022-05-23 02:35:44,71.9167,114.0833,33.22,97,100,10.2,overcast clouds
109,Ushuaia,AR,2022-05-23 02:35:45,-54.8,-68.3,33.46,80,0,4.61,clear sky
110,Alta Floresta,BR,2022-05-23 02:35:45,-9.8756,-56.0861,66.7,69,0,2.42,clear sky
111,Dikson,RU,2022-05-23 02:35:46,73.5069,80.5464,25.45,84,86,12.35,overcast clouds
112,Tasiilaq,GL,2022-05-23 02:35:46,65.6145,-37.6368,33.96,99,100,12.39,snow
113,Freeport,US,2022-05-23 02:35:46,40.6576,-73.5832,76.96,77,75,4.61,broken clouds
114,Santiago,CL,2022-05-23 02:35:47,-33.4569,-70.6483,64.26,62,100,5.75,overcast clouds
115,Ulladulla,AU,2022-05-23 02:35:47,-35.35,150.4667,60.76,78,100,4.63,light rain
116,Lavrentiya,RU,2022-05-23 02:35:48,65.5833,-171.0,40.21,79,99,2.82,overcast clouds
117,Alice Springs,AU,2022-05-23 02:35:48,-23.7,133.8833,69.35,32,51,9.22,broken clouds
118,Fortuna,US,2022-05-23 02:35:48,40.5982,-124.1573,54.93,91,100,13.8,overcast clouds
119,Ilulissat,GL,2022-05-23 02:35:49,69.2167,-51.1,32.02,100,100,2.3,overcast clouds
120,Ushtobe,KZ,2022-05-23 02:35:49,45.2514,77.9838,63.57,30,100,6.69,overcast clouds
121,Bunia,CD,2022-05-23 02:35:50,1.5667,30.25,62.85,89,100,1.63,overcast clouds
122,Dumingag,PH,2022-05-23 02:35:50,8.1692,123.3506,88.41,66,95,0.83,overcast clouds
123,North Platte,US,2022-05-23 02:35:50,41.1239,-100.7654,59.11,38,100,7.0,overcast clouds
124,Baglan,AF,2022-05-23 02:33:45,36.1307,68.7083,64.45,40,5,2.37,clear sky
125,Dudinka,RU,2022-05-23 02:35:51,69.4058,86.1778,33.62,91,100,11.14,overcast clouds
126,Luderitz,NA,2022-05-23 02:35:51,-26.6481,15.1594,59.97,57,16,6.49,few clouds
127,Hobart,AU,2022-05-23 02:35:52,-42.8794,147.3294,60.26,68,20,10.36,few clouds
128,Kudahuvadhoo,MV,2022-05-23 02:35:52,2.6708,72.8944,83.3,73,98,12.33,overcast clouds
129,Atuona,PF,2022-05-23 02:35:53,-9.8,-139.0333,79.11,73,28,18.48,scattered clouds
130,Port Alfred,ZA,2022-05-23 02:35:53,-33.5906,26.891,59.49,76,64,6.17,broken clouds
131,Kasungu,MW,2022-05-23 02:35:53,-13.0333,33.4833,62.74,76,98,2.89,overcast clouds
132,Bulgan,MN,2022-05-23 02:35:54,48.8125,103.5347,76.23,17,99,9.42,overcast clouds
133,Yar-Sale,RU,2022-05-23 02:35:54,66.8333,70.8333,37.63,88,99,28.39,overcast clouds
134,Vestmannaeyjar,IS,2022-05-23 02:35:55,63.4427,-20.2734,48.56,84,2,8.52,clear sky
135,Kokopo,PG,2022-05-23 02:35:55,-4.352,152.2633,85.91,53,36,4.9,scattered clouds
136,Gorin,RU,2022-05-23 02:35:56,51.1983,136.6669,56.03,50,100,5.28,overcast clouds
137,Don Sak,TH,2022-05-23 02:35:56,9.3168,99.6918,85.89,69,100,13.22,overcast clouds
138,Dong Hoi,VN,2022-05-23 02:35:56,17.4833,106.6,86.34,66,100,4.74,overcast clouds
139,Cape Town,ZA,2022-05-23 02:32:56,-33.9258,18.4232,61.38,87,0,8.05,clear sky
140,Te Anau,NZ,2022-05-23 02:35:57,-45.4167,167.7167,51.19,65,5,4.25,clear sky
141,Mareeba,AU,2022-05-23 02:36:57,-17.0,145.4333,78.48,76,43,4.0,scattered clouds
142,San Cristobal,VE,2022-05-23 02:36:58,7.7669,-72.225,71.78,85,7,2.84,clear sky
143,Khatanga,RU,2022-05-23 02:36:58,71.9667,102.5,34.74,69,100,11.52,overcast clouds
144,Kapaa,US,2022-05-23 02:36:59,22.0752,-159.319,82.38,81,100,12.66,overcast clouds
145,Lata,PT,2022-05-23 02:36:59,40.1629,-8.3327,63.81,96,100,3.4,overcast clouds
146,Lorengau,PG,2022-05-23 02:37:00,-2.0226,147.2712,86.04,63,98,13.53,overcast clouds
147,Ribeira Grande,PT,2022-05-23 02:37:00,38.5167,-28.7,64.09,93,100,4.36,overcast clouds
148,Sungai Besar,MY,2022-05-23 02:34:03,3.6746,100.9867,87.26,64,88,2.15,overcast clouds
149,Barrow,US,2022-05-23 02:37:01,71.2906,-156.7887,24.82,86,100,11.5,overcast clouds
150,Hasaki,JP,2022-05-23 02:37:01,35.7333,140.8333,70.29,76,83,11.56,broken clouds
151,Contai,IN,2022-05-23 02:37:01,21.7786,87.7536,90.68,53,82,9.22,broken clouds
152,El Copey,CO,2022-05-23 02:37:02,10.1503,-73.9614,77.85,75,7,3.29,clear sky
153,Mehamn,NO,2022-05-23 02:35:07,71.0357,27.8492,40.91,86,84,4.94,broken clouds
154,Hervey Bay,AU,2022-05-23 02:35:01,-25.2986,152.8535,73.02,74,100,5.01,overcast clouds
155,Pasighat,IN,2022-05-23 02:37:03,28.0667,95.3333,84.09,63,87,3.22,overcast clouds
156,Ocos,GT,2022-05-23 02:37:03,14.5094,-92.1933,80.78,75,27,1.16,scattered clouds
157,Mapiripan,CO,2022-05-23 02:37:04,2.8892,-72.1256,72.7,96,100,4.05,overcast clouds
158,Pangai,TO,2022-05-23 02:37:04,-19.8,-174.35,80.71,83,40,12.66,scattered clouds
159,Chake Chake,TZ,2022-05-23 02:37:05,-5.2459,39.7666,75.6,82,100,7.25,overcast clouds
160,San Borja,BO,2022-05-23 02:37:05,-14.8167,-66.85,65.17,98,43,2.06,scattered clouds
161,Boyolangu,ID,2022-05-23 02:37:06,-8.1181,111.8935,84.25,62,17,2.48,few clouds
162,Mount Gambier,AU,2022-05-23 02:36:31,-37.8333,140.7667,64.56,46,2,4.61,clear sky
163,Santiago Del Estero,AR,2022-05-23 02:37:06,-27.7951,-64.2615,59.65,57,2,8.84,clear sky
164,Berdigestyakh,RU,2022-05-23 02:37:07,62.0989,126.6992,57.81,37,7,7.56,clear sky
165,Cap Malheureux,MU,2022-05-23 02:37:07,-19.9842,57.6142,70.47,77,1,3.0,clear sky
166,Jinchang,CN,2022-05-23 02:37:07,38.4953,102.1739,73.09,32,0,8.43,clear sky
167,Fairbanks,US,2022-05-23 02:35:13,64.8378,-147.7164,65.61,27,0,13.8,clear sky
168,Carbonia,IT,2022-05-23 02:37:08,39.1672,8.5222,63.01,42,6,4.21,clear sky
169,Vila Franca Do Campo,PT,2022-05-23 02:37:08,37.7167,-25.4333,67.19,97,100,3.53,light rain
170,Jalingo,NG,2022-05-23 02:37:09,8.8833,11.3667,76.42,84,100,4.97,overcast clouds
171,Brae,GB,2022-05-23 02:37:09,60.3964,-1.353,50.07,98,100,9.15,moderate rain
172,Port Hedland,AU,2022-05-23 02:37:10,-20.3167,118.5667,84.25,74,75,9.22,broken clouds
173,Hovd,MN,2022-05-23 02:35:02,48.0056,91.6419,76.41,11,17,5.68,few clouds
174,Necochea,AR,2022-05-23 02:37:10,-38.5473,-58.7368,52.83,53,100,7.7,moderate rain
175,La Ronge,CA,2022-05-23 02:37:11,55.1001,-105.2842,62.85,17,75,6.91,broken clouds
176,Vao,NC,2022-05-23 02:37:11,-22.6667,167.4833,75.47,81,1,12.91,clear sky
177,Oyem,GA,2022-05-23 02:37:12,1.5995,11.5793,66.87,99,84,3.24,light rain
178,Balikpapan,ID,2022-05-23 02:37:12,-1.2675,116.8289,83.39,84,20,4.61,few clouds
179,Byron Bay,AU,2022-05-23 02:33:16,-28.65,153.6167,63.72,81,100,11.95,light rain
180,Eseka,CM,2022-05-23 02:37:13,3.65,10.7667,72.25,100,100,1.95,overcast clouds
181,Wattegama,LK,2022-05-23 02:37:13,6.7989,81.4808,84.97,58,25,6.29,scattered clouds
182,Butaritari,KI,2022-05-23 02:37:14,3.0707,172.7902,82.31,79,78,13.69,broken clouds
183,Chuy,UY,2022-05-23 02:37:14,-33.6971,-53.4616,51.37,82,26,6.22,scattered clouds
184,Huron,US,2022-05-23 02:37:15,41.1501,-82.5499,58.44,88,99,3.65,overcast clouds
185,Madang,PG,2022-05-23 02:38:15,-5.2246,145.7966,84.31,72,22,5.41,few clouds
186,Cairns,AU,2022-05-23 02:38:15,-16.9167,145.7667,83.1,71,100,11.5,overcast clouds
187,Mankono,CI,2022-05-23 02:38:16,8.0586,-6.1897,68.38,99,80,3.02,broken clouds
188,Arraial Do Cabo,BR,2022-05-23 02:38:16,-22.9661,-42.0278,70.59,73,9,14.34,clear sky
189,Honningsvag,NO,2022-05-23 02:38:17,70.9821,25.9704,42.55,75,8,12.66,clear sky
190,Taganak,PH,2022-05-23 02:38:17,6.0833,118.3,86.14,74,94,12.41,overcast clouds
191,Hambantota,LK,2022-05-23 02:38:17,6.1241,81.1185,82.74,94,20,11.5,few clouds
192,Cobourg,DE,2022-05-23 02:38:18,50.2667,10.9667,54.59,71,84,3.89,broken clouds
193,Pimentel,PE,2022-05-23 02:38:18,-6.8367,-79.9342,63.72,88,4,13.31,clear sky
194,Chifeng,CN,2022-05-23 02:38:19,42.2683,118.9636,83.91,22,48,0.69,scattered clouds
195,Synya,RU,2022-05-23 02:38:19,65.3718,58.0387,36.86,88,100,11.03,overcast clouds
196,Kahului,US,2022-05-23 02:38:20,20.8947,-156.47,86.02,63,0,23.02,clear sky
197,Mayor Pablo Lagerenza,PY,2022-05-23 02:38:20,-19.9309,-60.7718,70.11,52,97,1.86,overcast clouds
198,Taltal,CL,2022-05-23 02:38:20,-25.4,-70.4833,62.64,69,1,4.12,clear sky
199,Bojnurd,IR,2022-05-23 02:38:21,37.4747,57.329,49.95,66,20,2.3,few clouds
200,Aklavik,CA,2022-05-23 02:38:21,68.2191,-135.0107,35.44,61,99,11.95,overcast clouds
201,Dwarka,IN,2022-05-23 02:38:22,22.2394,68.9678,83.88,76,77,24.7,broken clouds
202,Haines Junction,CA,2022-05-23 02:38:22,60.7522,-137.5108,57.15,24,100,12.66,overcast clouds
203,Monroe,US,2022-05-23 02:38:23,43.1501,-77.6831,53.96,86,75,4.61,broken clouds
204,Bredasdorp,ZA,2022-05-23 02:38:23,-34.5322,20.0403,53.65,89,42,3.6,scattered clouds
205,Mar Del Plata,AR,2022-05-23 02:37:41,-38.0023,-57.5575,53.94,81,0,4.61,clear sky
206,Nantucket,US,2022-05-23 02:35:34,41.2835,-70.0995,62.71,98,100,12.66,fog
207,Hithadhoo,MV,2022-05-23 02:38:24,-0.6,73.0833,83.34,73,100,11.81,overcast clouds
208,Tiksi,RU,2022-05-23 02:38:24,71.6872,128.8694,32.45,92,7,3.96,clear sky
209,Barra Dos Coqueiros,BR,2022-05-23 02:38:25,-10.9089,-37.0386,78.82,73,40,5.75,scattered clouds
210,Jalu,LY,2022-05-23 02:38:25,29.0331,21.5482,65.66,36,0,3.91,clear sky
211,Koumac,NC,2022-05-23 02:38:26,-20.5667,164.2833,76.91,76,79,14.85,broken clouds
212,Alofi,NU,2022-05-23 02:38:26,-19.0595,-169.9187,80.49,78,4,10.36,clear sky
213,Provideniya,RU,2022-05-23 02:38:27,64.3833,-173.3,53.71,54,0,11.01,clear sky
214,Whitehorse,CA,2022-05-23 02:38:27,60.7161,-135.0538,59.77,21,75,19.57,broken clouds
215,Avarua,CK,2022-05-23 02:38:27,-21.2078,-159.775,84.25,74,40,8.05,scattered clouds
216,Taoudenni,ML,2022-05-23 02:38:28,22.6783,-3.9836,88.34,10,0,8.66,clear sky
217,Ossora,RU,2022-05-23 02:38:28,59.2353,163.0719,42.84,80,48,4.45,scattered clouds
218,Fukue,JP,2022-05-23 02:38:29,32.6881,128.8419,71.96,73,0,4.61,clear sky
219,Fort Saint James,CA,2022-05-23 02:38:29,54.4333,-124.25,58.64,35,92,8.59,overcast clouds
220,Lipin Bor,RU,2022-05-23 02:38:30,60.2622,37.9763,34.07,70,100,11.45,overcast clouds
221,Buala,SB,2022-05-23 02:38:30,-8.145,159.5921,85.48,68,37,4.23,scattered clouds
222,Roswell,US,2022-05-23 02:38:31,34.0232,-84.3616,78.85,68,0,5.75,clear sky
223,Santa Marta,CO,2022-05-23 02:38:31,11.2408,-74.199,85.89,67,8,14.0,clear sky
224,Julio De Castilhos,BR,2022-05-23 02:38:31,-29.2269,-53.6817,48.36,91,49,5.79,scattered clouds
225,Belomorsk,RU,2022-05-23 02:38:32,64.5232,34.7668,35.19,72,25,9.82,scattered clouds
226,Humaita,BR,2022-05-23 02:38:32,-7.5061,-63.0208,77.09,73,100,0.87,overcast clouds
227,Severo-Yeniseyskiy,RU,2022-05-23 02:38:33,60.3725,93.0408,61.39,47,0,6.35,clear sky
228,Providencia,MX,2022-05-23 02:38:33,28.7167,-111.5833,81.21,62,0,8.21,clear sky
229,Sinnamary,GF,2022-05-23 02:39:34,5.3833,-52.95,76.41,88,94,4.32,overcast clouds
230,Coahuayana,MX,2022-05-23 02:39:34,18.7333,-103.6833,73.96,87,30,1.83,scattered clouds
231,Terrace,CA,2022-05-23 02:36:07,54.5163,-128.6035,64.31,31,100,13.8,overcast clouds
232,Macapa,BR,2022-05-23 02:39:35,0.0389,-51.0664,76.98,100,40,2.3,scattered clouds
233,Guerrero Negro,MX,2022-05-23 02:39:35,27.9769,-114.0611,60.17,79,0,15.59,clear sky
234,Saint-Joseph,RE,2022-05-23 02:39:35,-21.3667,55.6167,68.38,71,18,9.31,few clouds
235,Lakes Entrance,AU,2022-05-23 02:39:36,-37.8811,147.981,58.15,62,0,5.35,clear sky
236,Santa Catalina,PH,2022-05-23 02:39:36,9.3337,122.8637,85.98,65,100,3.87,overcast clouds
237,Matara,LK,2022-05-23 02:39:37,5.9485,80.5353,82.47,81,90,11.74,overcast clouds
238,Carutapera,BR,2022-05-23 02:39:37,-1.195,-46.02,74.03,94,28,3.51,scattered clouds
239,Lufilufi,WS,2022-05-23 02:39:37,-13.8745,-171.5986,85.78,74,42,17.74,light rain
240,Fort-Shevchenko,KZ,2022-05-23 02:39:38,44.5086,50.263,61.86,63,33,18.59,scattered clouds
241,Boa Vista,BR,2022-05-23 02:39:00,2.8197,-60.6733,75.18,94,75,3.44,broken clouds
242,Laguna,US,2022-05-23 02:39:39,38.421,-121.4238,89.58,25,0,9.22,clear sky
243,Jatiroto,ID,2022-05-23 02:39:39,-7.8833,111.1167,82.65,66,13,3.33,few clouds
244,Kualakapuas,ID,2022-05-23 02:39:40,-3.0091,114.3876,88.05,60,14,5.12,few clouds
245,Ostrovnoy,RU,2022-05-23 02:39:40,68.0531,39.5131,31.06,72,63,13.53,broken clouds
246,Rio Grande,BR,2022-05-23 02:39:40,-32.035,-52.0986,57.09,84,26,8.41,scattered clouds
247,Otjimbingwe,NA,2022-05-23 02:39:41,-22.35,16.1333,54.19,43,62,7.83,broken clouds
248,Kisangani,CD,2022-05-23 02:39:41,0.5167,25.2,72.66,90,100,1.43,overcast clouds
249,Nelson Bay,AU,2022-05-23 02:39:42,-32.7167,152.15,66.09,83,100,6.6,overcast clouds
250,Westport,US,2022-05-23 02:39:40,41.1415,-73.3579,73.36,91,75,8.05,broken clouds
251,Coruripe,BR,2022-05-23 02:39:42,-10.1256,-36.1756,75.81,78,43,9.17,scattered clouds
252,Hay River,CA,2022-05-23 02:39:43,60.8156,-115.7999,40.98,60,40,9.22,scattered clouds
253,Kandava,LV,2022-05-23 02:39:43,57.0409,22.7747,42.64,71,94,2.71,overcast clouds
254,Portland,US,2022-05-23 02:37:47,45.5234,-122.6762,73.38,34,100,3.44,overcast clouds
255,San Lawrenz,MT,2022-05-23 02:39:44,36.0553,14.204,66.85,93,0,7.05,clear sky
256,Tromso,NO,2022-05-23 02:39:44,69.6496,18.957,45.37,81,75,3.44,broken clouds
257,Matagami,CA,2022-05-23 02:39:44,49.7502,-77.6328,41.11,75,100,3.44,overcast clouds
258,Namibe,AO,2022-05-23 02:39:45,-15.1961,12.1522,68.29,66,3,3.33,clear sky
259,Mineros,BO,2022-05-23 02:39:45,-17.1167,-63.2333,63.12,92,11,3.56,few clouds
260,Tazovskiy,RU,2022-05-23 02:39:46,67.4667,78.7,42.3,82,69,20.11,broken clouds
261,Saurimo,AO,2022-05-23 02:39:46,-9.6608,20.3916,60.58,55,63,5.66,broken clouds
262,Baykit,RU,2022-05-23 02:39:46,61.67,96.37,68.4,39,4,3.24,clear sky
263,Magaria,NE,2022-05-23 02:39:47,12.9983,8.9099,80.83,17,65,6.38,broken clouds
264,Nome,US,2022-05-23 02:36:09,64.5011,-165.4064,67.15,36,0,11.5,clear sky
265,Abu Samrah,SY,2022-05-23 02:39:47,35.3029,37.1841,59.38,76,22,24.83,few clouds
266,Gamba,GA,2022-05-23 02:39:48,-2.65,10.0,73.65,81,88,3.83,overcast clouds
267,Oistins,BB,2022-05-23 02:39:48,13.0667,-59.5333,80.69,78,40,14.97,scattered clouds
268,Baraya,CO,2022-05-23 02:39:49,3.1533,-75.0531,80.4,72,11,6.44,few clouds
269,Ust-Barguzin,RU,2022-05-23 02:39:49,53.45,108.9833,46.78,73,34,8.16,scattered clouds
270,Grand Gaube,MU,2022-05-23 02:39:50,-20.0064,57.6608,73.8,77,1,4.0,clear sky
271,Salinas,US,2022-05-23 02:38:30,36.6777,-121.6555,62.69,65,0,12.66,clear sky
272,Bonthe,SL,2022-05-23 02:39:50,7.5264,-12.505,76.8,89,100,7.83,moderate rain
273,Mana,GF,2022-05-23 02:39:51,5.6592,-53.7767,75.99,89,100,4.25,overcast clouds
274,Georgetown,MY,2022-05-23 02:39:51,5.4112,100.3354,87.73,74,20,5.01,few clouds
275,Shache,CN,2022-05-23 02:39:51,38.4167,77.2406,68.72,42,100,19.71,overcast clouds
276,Kulhudhuffushi,MV,2022-05-23 02:40:52,6.6221,73.07,83.64,77,79,14.47,broken clouds
277,Saldanha,ZA,2022-05-23 02:40:52,-33.0117,17.9442,48.25,90,100,3.24,overcast clouds
278,Atar,MR,2022-05-23 02:40:53,20.5169,-13.0499,85.17,21,1,5.21,clear sky
279,Semnan,IR,2022-05-23 02:40:53,35.5729,53.3971,66.04,20,0,2.3,clear sky
280,Jinji,CN,2022-05-23 02:40:53,23.2281,110.8261,75.15,94,100,5.35,overcast clouds
281,Marfino,RU,2022-05-23 02:40:54,55.7028,37.3822,36.95,67,0,4.47,clear sky
282,Vardo,NO,2022-05-23 02:40:54,70.3705,31.1107,37.38,87,100,16.11,overcast clouds
283,Rehoboth,NA,2022-05-23 02:40:55,-23.3167,17.0833,44.29,71,44,2.42,scattered clouds
284,Highland Springs,US,2022-05-23 02:40:55,37.546,-77.3278,78.93,59,75,9.22,broken clouds
285,Biasca,CH,2022-05-23 02:40:55,46.3597,8.9697,67.86,82,96,1.3,overcast clouds
286,Ampanihy,MG,2022-05-23 02:40:56,-24.7,44.75,62.67,65,2,5.12,clear sky
287,Ereymentau,KZ,2022-05-23 02:40:56,51.6199,73.1033,55.67,43,10,18.61,clear sky
288,Aksarka,RU,2022-05-23 02:40:57,66.5606,67.7975,37.69,83,100,26.53,overcast clouds
289,Muroto,JP,2022-05-23 02:40:57,33.2833,134.15,71.01,72,100,8.86,light rain
290,Comodoro Rivadavia,AR,2022-05-23 02:40:57,-45.8667,-67.5,42.66,52,0,18.41,clear sky
291,Anadyr,RU,2022-05-23 02:40:58,64.75,177.4833,55.9,54,0,13.42,clear sky
292,Nakamura,JP,2022-05-23 02:40:58,32.9833,132.9333,78.64,49,100,2.08,overcast clouds
293,Tancheng,CN,2022-05-23 02:40:59,27.4375,115.4976,64.99,96,100,1.25,moderate rain
294,Wadi Musa,JO,2022-05-23 02:40:59,30.3222,35.4793,52.59,77,1,11.39,clear sky
295,Asyut,EG,2022-05-23 02:41:00,27.181,31.1837,64.58,40,0,4.97,clear sky
296,Port Hardy,CA,2022-05-23 02:38:52,50.6996,-127.4199,51.98,82,100,6.91,light rain
297,Tigil,RU,2022-05-23 02:41:00,57.8,158.6667,60.67,41,30,5.35,scattered clouds
298,Yambio,SS,2022-05-23 02:41:01,4.5721,28.3955,67.48,97,100,3.13,light rain
299,Ube,JP,2022-05-23 02:41:01,33.9431,131.2511,78.24,65,0,9.22,clear sky
300,Dodge City,US,2022-05-23 02:40:52,37.7528,-100.0171,59.25,36,0,9.22,clear sky
301,Pushkino,RU,2022-05-23 02:41:02,56.0172,37.8667,37.09,71,95,7.43,overcast clouds
302,Luanda,AO,2022-05-23 02:41:03,-8.8368,13.2343,71.6,88,75,3.44,broken clouds
303,Broken Hill,AU,2022-05-23 02:40:14,-31.95,141.4333,65.14,51,0,10.02,clear sky
304,Ambulu,ID,2022-05-23 02:41:03,-8.345,113.6058,84.76,62,27,2.75,scattered clouds
305,Meadow Lake,US,2022-05-23 02:41:04,34.8014,-106.5436,72.12,24,84,19.48,broken clouds
306,Serebryansk,KZ,2022-05-23 02:41:04,49.6925,83.2892,57.74,56,99,11.63,overcast clouds
307,Sistranda,NO,2022-05-23 02:39:20,63.7256,8.834,51.76,84,100,8.21,light rain
308,La Jutosa,HN,2022-05-23 02:41:05,15.6333,-88.0,80.44,81,100,3.49,overcast clouds
309,Mahibadhoo,MV,2022-05-23 02:41:05,3.7833,72.9667,83.34,75,70,13.15,broken clouds
310,Berlevag,NO,2022-05-23 02:41:05,70.8578,29.0864,40.95,75,100,4.61,overcast clouds
311,Kloulklubed,PW,2022-05-23 02:41:06,7.0419,134.2556,82.9,70,100,10.65,overcast clouds
312,Grand Baie,MU,2022-05-23 02:41:06,-20.0182,57.5802,73.87,77,1,4.0,clear sky
313,Victoria,HK,2022-05-23 02:41:07,22.2855,114.1577,81.18,90,99,18.99,overcast clouds
314,West Richland,US,2022-05-23 02:41:07,46.3043,-119.3614,71.51,34,0,5.75,clear sky
315,Kampot,KH,2022-05-23 02:41:07,10.6167,104.1833,84.25,87,100,10.94,overcast clouds
316,Codrington,AU,2022-05-23 02:41:08,-38.2667,141.9667,62.47,49,0,2.48,clear sky
317,Kollam,IN,2022-05-23 02:41:08,8.8833,76.6,77.63,88,97,3.76,overcast clouds
318,Aksha,RU,2022-05-23 02:41:09,50.2814,113.2867,66.6,45,97,13.33,overcast clouds
319,Huarmey,PE,2022-05-23 02:41:09,-10.0681,-78.1522,64.53,89,3,6.78,clear sky
320,Kargil,IN,2022-05-23 02:41:10,34.5667,76.1,42.12,50,77,5.95,broken clouds
321,Eureka,US,2022-05-23 02:41:10,40.8021,-124.1637,54.19,87,94,5.99,overcast clouds
322,Esperance,AU,2022-05-23 02:41:10,-33.8667,121.9,69.37,52,10,16.04,clear sky
323,Teguldet,RU,2022-05-23 02:42:11,57.3064,88.1667,67.82,51,91,7.96,overcast clouds
324,Truro,GB,2022-05-23 02:42:11,50.2653,-5.0544,54.68,94,40,10.36,scattered clouds
325,Kjollefjord,NO,2022-05-23 02:42:12,70.9457,27.3465,42.85,85,42,6.71,scattered clouds
326,Kavaratti,IN,2022-05-23 02:42:12,10.5669,72.642,82.83,80,100,18.1,heavy intensity rain
327,Morgan City,US,2022-05-23 02:42:12,29.6994,-91.2068,77.02,94,0,0.0,clear sky
328,Acapulco,MX,2022-05-23 02:42:13,16.8634,-99.8901,82.22,74,100,5.75,overcast clouds
329,Bo Rai,TH,2022-05-23 02:42:13,12.5728,102.5371,84.25,94,100,8.08,overcast clouds
330,Tymovskoye,RU,2022-05-23 02:42:14,50.8456,142.655,55.65,68,97,2.26,overcast clouds
331,Gizo,SB,2022-05-23 02:42:14,-8.103,156.8419,84.34,68,24,2.59,few clouds
332,Udomlya,RU,2022-05-23 02:42:14,57.8794,34.9925,33.24,67,49,6.51,scattered clouds
333,Sabancuy,MX,2022-05-23 02:42:15,18.9667,-91.1833,76.44,86,100,9.31,overcast clouds
334,Talnakh,RU,2022-05-23 02:40:21,69.4865,88.3972,33.21,99,100,5.53,overcast clouds
335,Sayyan,YE,2022-05-23 02:42:15,15.1718,44.3244,62.42,17,67,5.35,broken clouds
336,Fort Nelson,CA,2022-05-23 02:41:25,58.8053,-122.7002,62.19,36,75,5.75,broken clouds
337,Sorland,NO,2022-05-23 02:42:16,67.667,12.6934,44.46,88,86,10.18,overcast clouds
338,Inhambane,MZ,2022-05-23 02:42:16,-23.865,35.3833,65.86,96,98,7.38,moderate rain
339,Dingle,PH,2022-05-23 02:42:17,10.9995,122.6711,88.07,63,96,7.78,overcast clouds
340,Eenhana,NA,2022-05-23 02:42:17,-17.4667,16.3333,45.88,39,0,7.09,clear sky
341,Katsuura,JP,2022-05-23 02:42:18,35.1333,140.3,65.97,80,60,18.5,broken clouds
342,Temiscaming,CA,2022-05-23 02:42:18,46.7212,-79.0971,49.55,82,99,0.76,overcast clouds
343,Maridi,SS,2022-05-23 02:42:18,4.9158,29.4742,66.33,97,75,3.85,broken clouds
344,Ranfurly,NZ,2022-05-23 02:42:19,-45.1333,170.1,54.1,50,0,4.97,clear sky
345,Bereda,ES,2022-05-23 02:42:19,43.2686,-7.5406,48.42,99,54,2.13,broken clouds
346,Oussouye,SN,2022-05-23 02:42:20,12.485,-16.5469,73.09,78,92,7.96,overcast clouds
347,Pozo Colorado,PY,2022-05-23 02:42:20,-23.4923,-58.7972,58.26,67,23,5.1,few clouds
348,Faanui,PF,2022-05-23 02:42:21,-16.4833,-151.75,81.39,68,10,14.2,clear sky
349,Sioux Lookout,CA,2022-05-23 02:37:25,50.1001,-91.917,48.27,46,20,4.61,few clouds
350,Kismayo,SO,2022-05-23 02:42:21,-0.3582,42.5454,79.61,85,67,14.25,broken clouds
351,Purpe,RU,2022-05-23 02:42:22,64.4803,76.6897,61.41,59,80,20.45,light rain
352,Iquique,CL,2022-05-23 02:39:54,-20.2208,-70.1431,62.69,77,48,5.17,scattered clouds
353,Bystryy Istok,RU,2022-05-23 02:42:22,52.371,84.3873,56.61,49,100,2.91,overcast clouds
354,Chokurdakh,RU,2022-05-23 02:42:23,70.6333,147.9167,33.53,100,100,7.14,overcast clouds
355,Shelburne,CA,2022-05-23 02:41:28,44.0787,-80.2041,43.59,81,95,9.35,overcast clouds
356,Saint Anthony,US,2022-05-23 02:41:25,45.0205,-93.218,53.49,57,100,3.44,overcast clouds
357,Paita,PE,2022-05-23 02:42:24,-5.0892,-81.1144,65.89,84,10,13.87,clear sky
358,Baraki Barak,AF,2022-05-23 02:42:24,33.9675,68.9486,55.72,32,0,5.79,clear sky
359,Kusu,JP,2022-05-23 02:42:25,33.2831,131.1514,74.1,54,100,3.51,overcast clouds
360,Mangla,PK,2022-05-23 02:42:25,31.8931,72.3817,91.4,22,69,12.66,broken clouds
361,Muros,ES,2022-05-23 02:42:26,42.7762,-9.0603,57.69,93,88,2.73,overcast clouds
362,Shingu,JP,2022-05-23 02:42:26,33.7333,135.9833,76.73,51,96,6.2,overcast clouds
363,Sao Gabriel Da Cachoeira,BR,2022-05-23 02:42:26,-0.1303,-67.0892,70.34,97,41,1.39,scattered clouds
364,Rostovka,RU,2022-05-23 02:42:27,55.3842,71.8891,53.47,56,16,17.54,few clouds
365,Qasigiannguit,GL,2022-05-23 02:42:27,68.8193,-51.1922,32.25,96,100,4.65,overcast clouds
366,College,US,2022-05-23 02:39:03,64.8569,-147.8028,65.59,27,20,13.8,few clouds
367,Camarillo,US,2022-05-23 02:42:28,34.2164,-119.0376,71.02,75,0,8.05,haze
368,Pochutla,MX,2022-05-23 02:43:28,15.7432,-96.4661,80.82,72,0,5.84,clear sky
369,Carlyle,US,2022-05-23 02:42:59,38.6103,-89.3726,57.6,74,100,1.01,overcast clouds
370,Cabo San Lucas,MX,2022-05-23 02:41:59,22.8909,-109.9124,76.6,80,90,14.25,overcast clouds
371,Omboue,GA,2022-05-23 02:43:29,-1.5746,9.2618,74.08,81,57,6.96,broken clouds
372,Saint-Paul,RE,2022-05-23 02:43:30,-21.0096,55.2707,71.69,75,55,1.34,broken clouds
373,Mattawa,US,2022-05-23 02:43:30,46.7379,-119.9028,70.41,33,100,10.0,overcast clouds
374,Ayapel,CO,2022-05-23 02:43:31,8.3137,-75.1398,76.82,94,49,5.57,scattered clouds
375,Hami,CN,2022-05-23 02:43:31,42.8,93.45,89.91,12,76,6.76,broken clouds
376,Lebu,CL,2022-05-23 02:43:31,-37.6167,-73.65,48.7,79,100,1.9,overcast clouds
377,Kodiak,US,2022-05-23 02:39:01,57.79,-152.4072,47.71,81,100,12.66,light rain
378,Bonavista,CA,2022-05-23 02:43:32,48.6499,-53.1147,48.92,88,99,15.7,overcast clouds
379,Buchanan,LR,2022-05-23 02:43:32,5.8808,-10.0467,75.38,93,100,7.11,moderate rain
380,Maningrida,AU,2022-05-23 02:43:33,-12.0667,134.2667,90.46,44,38,8.99,scattered clouds
381,Dawlatabad,AF,2022-05-23 02:43:33,36.4141,64.9053,65.53,30,0,9.31,clear sky
382,Salalah,OM,2022-05-23 02:38:59,17.0151,54.0924,82.49,78,75,2.3,broken clouds
383,Bellavista,PE,2022-05-23 02:43:34,-7.0561,-76.5911,73.02,84,58,0.89,broken clouds
384,Cidreira,BR,2022-05-23 02:43:34,-30.1811,-50.2056,58.41,79,61,7.52,broken clouds
385,Grindavik,IS,2022-05-23 02:43:35,63.8424,-22.4338,44.55,93,0,5.75,clear sky
386,Teruel,ES,2022-05-23 02:43:35,40.6667,-0.6667,52.45,77,0,4.59,clear sky
387,Lisakovsk,KZ,2022-05-23 02:43:36,52.5369,62.4936,54.23,84,100,22.73,light rain
388,Shimoda,JP,2022-05-23 02:43:36,34.6667,138.95,68.36,73,25,11.16,scattered clouds
389,Moquegua,PE,2022-05-23 02:43:36,-17.1956,-70.9353,61.29,46,5,1.12,clear sky
390,Parrsboro,CA,2022-05-23 02:43:37,45.4001,-64.332,65.19,79,91,4.0,overcast clouds
391,Champerico,GT,2022-05-23 02:43:37,14.3,-91.9167,81.36,77,60,1.12,broken clouds
392,Tashara,RU,2022-05-23 02:43:38,55.5195,83.5094,58.69,37,100,11.43,overcast clouds
393,Minab,IR,2022-05-23 02:43:38,27.1467,57.0801,80.92,57,0,0.0,haze
394,Kholm,RU,2022-05-23 02:43:39,59.2667,32.85,35.11,59,5,4.05,clear sky
395,Safaga,EG,2022-05-23 02:43:39,26.7292,33.9365,72.57,45,0,18.39,clear sky
396,Stepnogorsk,KZ,2022-05-23 02:43:39,52.3544,71.8869,56.08,41,68,20.58,broken clouds
397,Hofn,IS,2022-05-23 02:43:40,64.2539,-15.2082,44.85,66,84,9.26,broken clouds
398,Bandarbeyla,SO,2022-05-23 02:43:40,9.4942,50.8122,81.09,78,100,17.54,overcast clouds
399,Hilton Head Island,US,2022-05-23 02:42:34,32.2163,-80.7526,71.98,93,98,12.39,light rain
400,Iralaya,HN,2022-05-23 02:43:41,15.0,-83.2333,80.4,78,100,13.15,overcast clouds
401,Kota Kinabalu,MY,2022-05-23 02:43:41,5.9749,116.0724,87.78,66,20,3.0,few clouds
402,Ugoofaaru,MV,2022-05-23 02:43:42,5.6667,73.0,83.52,76,45,13.56,scattered clouds
403,Faya,SA,2022-05-23 02:43:42,18.3851,42.4509,66.31,30,1,2.59,clear sky
404,Kidal,ML,2022-05-23 02:43:42,18.4411,1.4078,82.11,35,61,6.51,broken clouds
405,Morros,BR,2022-05-23 02:43:43,-9.4467,-46.3003,73.62,62,24,1.54,few clouds
406,Clyde River,CA,2022-05-23 02:40:26,70.4692,-68.5914,17.83,93,100,14.97,light snow
407,Benguela,AO,2022-05-23 02:43:43,-12.5763,13.4055,67.82,76,7,2.57,clear sky
408,Amot,NO,2022-05-23 02:43:44,59.5714,7.9877,46.17,87,99,3.6,overcast clouds
409,Camacha,PT,2022-05-23 02:43:44,33.0833,-16.3333,62.02,68,40,11.5,scattered clouds
410,Sosnovo-Ozerskoye,RU,2022-05-23 02:43:45,52.5249,111.5418,58.23,34,32,7.05,scattered clouds
411,Charlestown,AU,2022-05-23 02:43:45,-32.95,151.6667,65.82,87,100,5.01,overcast clouds
412,Pemangkat,ID,2022-05-23 02:43:45,1.1667,108.9667,86.43,65,20,2.51,few clouds
413,Itaqui,BR,2022-05-23 02:43:46,-29.1253,-56.5531,52.81,89,0,6.11,clear sky
414,Hamilton,US,2022-05-23 02:42:47,39.1834,-84.5333,62.04,72,0,8.05,clear sky
415,Nuuk,GL,2022-05-23 02:44:46,64.1835,-51.7216,32.61,100,100,36.82,light snow
416,Kandrian,PG,2022-05-23 02:44:47,-6.2167,149.55,84.06,74,45,3.6,light rain
417,Tezu,IN,2022-05-23 02:44:47,27.9167,96.1667,84.43,58,89,3.51,overcast clouds
418,Ilebo,CD,2022-05-23 02:44:48,-4.3167,20.5833,69.33,98,100,0.58,overcast clouds
419,Rincon,US,2022-05-23 02:44:48,32.296,-81.2354,71.85,93,100,5.75,overcast clouds
420,Labuan,MY,2022-05-23 02:44:49,5.2767,115.2417,84.56,83,20,3.44,few clouds
421,Pontiac,US,2022-05-23 02:39:52,42.6389,-83.2911,58.19,62,75,9.22,broken clouds
422,Nacala,MZ,2022-05-23 02:44:49,-14.5428,40.6728,69.01,96,12,4.07,few clouds
423,Pangody,RU,2022-05-23 02:44:50,65.85,74.4859,57.29,62,30,21.52,scattered clouds
424,Kota Belud,MY,2022-05-23 02:44:50,6.351,116.4305,85.41,64,100,2.17,overcast clouds
425,Paka,MY,2022-05-23 02:44:51,4.6374,103.4368,84.13,79,20,2.3,few clouds
426,Zemio,CF,2022-05-23 02:44:51,5.0314,25.1361,69.57,94,100,2.26,overcast clouds
427,San Patricio,US,2022-05-23 02:44:51,28.017,-97.5169,79.84,81,33,7.7,scattered clouds
428,Barguzin,RU,2022-05-23 02:44:52,53.6167,109.6167,57.96,47,44,5.97,light rain
429,Murchison,NZ,2022-05-23 02:44:52,-41.8,172.3333,54.48,59,1,1.83,clear sky
430,Zurrieq,MT,2022-05-23 02:44:53,35.8311,14.4742,66.96,94,20,11.5,few clouds
431,Remedios,CU,2022-05-23 02:44:53,22.4947,-79.5458,79.72,85,70,14.27,broken clouds
432,Zheleznodorozhnyy,RU,2022-05-23 02:44:54,55.7503,38.0042,37.58,66,90,7.74,overcast clouds
433,Sasina,BA,2022-05-23 02:44:54,44.7987,16.739,58.98,98,100,1.7,light rain
434,Vanimo,PG,2022-05-23 02:44:54,-2.6741,141.3028,85.66,70,98,8.9,overcast clouds
435,Nerchinskiy Zavod,RU,2022-05-23 02:44:55,51.3088,119.61,59.74,41,71,9.46,broken clouds
436,Beloha,MG,2022-05-23 02:44:55,-25.1667,45.05,62.28,89,4,5.1,clear sky
437,Japura,ID,2022-05-23 02:44:56,-0.3167,102.35,86.65,67,85,3.65,overcast clouds
438,Ust-Tsilma,RU,2022-05-23 02:44:56,65.441,52.1498,31.39,95,100,13.09,snow
439,Zhezkazgan,KZ,2022-05-23 02:44:56,47.8043,67.7144,57.18,24,0,15.66,clear sky
440,Taylor,US,2022-05-23 02:41:03,32.3001,-99.8337,71.06,47,0,11.5,clear sky
441,Causapscal,CA,2022-05-23 02:44:57,48.3542,-67.227,50.32,98,100,4.88,overcast clouds
442,Itaguai,BR,2022-05-23 02:44:57,-22.8522,-43.7753,66.67,88,0,3.44,clear sky
443,Ninotsminda,GE,2022-05-23 02:44:58,41.2646,43.5916,46.13,82,71,3.56,broken clouds
444,Papineauville,CA,2022-05-23 02:44:58,45.6168,-75.016,46.38,84,78,10.31,broken clouds
445,Solnechnyy,RU,2022-05-23 02:44:59,50.7214,136.6319,56.14,48,100,6.78,overcast clouds
446,Mandera,KE,2022-05-23 02:44:59,3.9366,41.867,78.53,68,89,12.48,overcast clouds
447,Mentakab,MY,2022-05-23 02:44:59,3.4865,102.3516,89.4,60,74,0.72,broken clouds
448,Kamenka,RU,2022-05-23 02:45:00,51.3223,42.7678,42.89,94,100,11.05,overcast clouds
449,Uchiza,PE,2022-05-23 02:45:00,-8.4592,-76.4633,73.0,83,91,0.83,overcast clouds
450,Sokolo,ML,2022-05-23 02:45:01,14.7328,-6.1219,85.62,42,88,17.85,overcast clouds
451,Coquimbo,CL,2022-05-23 02:45:01,-29.9533,-71.3436,55.13,94,0,5.75,clear sky
452,Ayan,RU,2022-05-23 02:45:02,56.45,138.1667,34.36,90,84,13.47,broken clouds
453,Itoman,JP,2022-05-23 02:45:02,26.1247,127.6694,75.22,86,100,14.97,light rain
454,Badulla,LK,2022-05-23 02:45:03,6.9895,81.0557,80.82,57,23,3.29,few clouds
455,Lufkin,US,2022-05-23 02:40:29,31.3382,-94.7291,73.47,86,100,4.61,overcast clouds
456,Laizhou,CN,2022-05-23 02:45:03,37.1717,119.9214,85.95,29,50,4.74,scattered clouds
457,Sambava,MG,2022-05-23 02:45:04,-14.2667,50.1667,73.69,79,98,10.98,light rain
458,Naples,IT,2022-05-23 02:43:16,40.8333,14.25,65.86,93,0,1.14,clear sky
459,Bourail,NC,2022-05-23 02:45:04,-21.5667,165.4833,75.07,77,96,10.11,overcast clouds
460,Trat,TH,2022-05-23 02:46:05,12.5,102.5,84.4,92,100,9.78,overcast clouds
461,Petatlan,MX,2022-05-23 02:46:05,17.5167,-101.2667,78.15,78,56,2.13,broken clouds
462,Kirakira,SB,2022-05-23 02:46:06,-10.4544,161.9205,84.54,72,23,4.18,few clouds
463,Bam,IR,2022-05-23 02:46:06,29.106,58.357,77.47,11,0,9.42,clear sky
464,Straumen,NO,2022-05-23 02:46:06,63.8709,11.2999,50.0,78,100,2.21,overcast clouds
465,Lyngseidet,NO,2022-05-23 02:46:07,69.5763,20.2189,42.8,96,98,8.43,overcast clouds
466,Abakaliki,NG,2022-05-23 02:46:07,6.3163,8.1169,75.24,93,100,4.41,overcast clouds
467,Sztum,PL,2022-05-23 02:46:08,53.9208,19.0307,39.34,90,1,3.33,clear sky
468,Svetlyy,RU,2022-05-23 02:46:08,54.675,20.1347,46.45,86,74,6.13,broken clouds
469,Ketchikan,US,2022-05-23 02:41:16,55.3422,-131.6461,48.74,88,100,7.72,light rain
470,Shiyan,CN,2022-05-23 02:46:09,32.6475,110.7781,80.51,51,0,3.74,clear sky
471,Noyabrsk,RU,2022-05-23 02:46:09,63.1994,75.4507,47.73,86,100,19.71,light rain
472,Lagoa,PT,2022-05-23 02:46:09,39.05,-27.9833,61.5,89,100,13.27,light rain
473,Calama,CL,2022-05-23 02:44:07,-22.4667,-68.9333,43.29,15,0,14.97,clear sky
474,Kapoeta,SS,2022-05-23 02:46:10,4.7717,33.5903,73.17,74,99,2.82,overcast clouds
475,Komsomolskiy,UZ,2022-05-23 02:46:11,40.4272,71.7189,59.72,58,100,4.61,overcast clouds
476,Palivere,EE,2022-05-23 02:46:11,58.9664,23.8911,37.72,56,100,3.11,overcast clouds
477,Union,US,2022-05-23 02:45:03,40.6334,-74.2663,79.3,76,0,6.91,clear sky
478,Sorbhog,IN,2022-05-23 02:46:12,26.5,90.8667,81.68,75,8,9.06,clear sky
479,Tambo,PE,2022-05-23 02:46:12,-14.8,-73.9167,31.14,52,24,2.17,few clouds
480,Savannah Bight,HN,2022-05-23 02:46:13,16.45,-85.85,81.99,77,100,23.0,overcast clouds
481,Kyra,RU,2022-05-23 02:46:13,49.5776,111.9753,70.52,33,96,6.2,overcast clouds
482,Kimbe,PG,2022-05-23 02:46:13,-5.5502,150.1429,85.41,73,44,5.91,light rain
483,Sokoto,NG,2022-05-23 02:46:14,13.0609,5.239,84.04,48,99,8.77,overcast clouds
484,Safranbolu,TR,2022-05-23 02:46:14,41.2508,32.6942,52.38,93,54,1.14,broken clouds
485,Mawlaik,MM,2022-05-23 02:46:15,23.6333,94.4167,92.19,48,11,1.61,few clouds
486,Tambun,ID,2022-05-23 02:46:15,-6.2641,107.0712,89.49,62,92,6.62,overcast clouds
487,Ban Nahin,LA,2022-05-23 02:46:16,18.2418,104.2122,81.09,88,88,3.96,overcast clouds
488,Beira,MZ,2022-05-23 02:46:16,-19.8436,34.8389,71.69,100,100,9.22,overcast clouds
489,Bubaque,GW,2022-05-23 02:46:16,11.2833,-15.8333,77.68,74,28,14.7,scattered clouds
490,Kieta,PG,2022-05-23 02:46:17,-6.2167,155.6333,84.87,67,22,5.26,few clouds
491,Tigre,AR,2022-05-23 02:46:17,-34.426,-58.5796,60.8,84,0,5.75,clear sky
492,Batagay-Alyta,RU,2022-05-23 02:46:18,67.8006,130.4114,42.3,62,12,5.01,few clouds
493,Kokoda,PG,2022-05-23 02:46:18,-8.8785,147.7407,85.96,65,50,5.53,scattered clouds
494,Katherine,AU,2022-05-23 02:46:19,-14.4667,132.2667,89.92,31,100,11.5,overcast clouds
495,Mount Isa,AU,2022-05-23 02:46:19,-20.7333,139.5,78.57,34,40,11.5,scattered clouds
496,Puyang,CN,2022-05-23 02:46:19,29.4603,119.8861,66.24,90,100,2.64,overcast clouds
497,Valladolid,ES,2022-05-23 02:46:20,41.5833,-4.6667,57.29,86,4,5.3,clear sky
498,Booue,GA,2022-05-23 02:46:21,-0.0921,11.9385,70.48,99,67,1.05,light rain
499,Les Ponts-De-Ce,FR,2022-05-23 02:46:21,47.4231,-0.5248,63.12,86,92,4.94,overcast clouds
500,Skovorodino,RU,2022-05-23 02:46:21,53.9833,123.9167,51.96,66,100,11.03,light rain
501,Awbari,LY,2022-05-23 02:46:22,26.5921,12.7805,73.56,11,72,11.68,broken clouds
502,Sindou,BF,2022-05-23 02:46:22,10.6667,-5.1667,75.36,81,100,3.65,overcast clouds
503,Lima,PE,2022-05-23 02:44:20,-12.0432,-77.0282,62.91,81,100,4.61,overcast clouds
504,Preobrazheniye,RU,2022-05-23 02:46:23,42.9019,133.9064,54.03,78,68,10.67,broken clouds
505,Mount Darwin,ZW,2022-05-23 02:46:23,-16.7725,31.5838,56.73,44,88,5.1,overcast clouds
506,Ormara,PK,2022-05-23 02:47:24,25.2088,64.6357,87.33,40,0,9.69,clear sky
507,Touros,BR,2022-05-23 02:47:24,-5.1989,-35.4608,74.43,92,24,11.72,few clouds
508,Ankang,CN,2022-05-23 02:47:24,32.68,109.0172,79.38,51,0,1.05,clear sky
509,Catabola,AO,2022-05-23 02:47:25,-12.15,17.2833,52.39,67,79,3.91,broken clouds
510,Tura,IN,2022-05-23 02:47:25,25.5198,90.2201,82.02,70,4,4.54,clear sky
511,Quelimane,MZ,2022-05-23 02:47:26,-17.8786,36.8883,68.92,97,23,2.62,few clouds
512,Novo Aripuana,BR,2022-05-23 02:47:26,-5.1206,-60.3797,75.31,82,75,1.77,broken clouds
513,Polyarnyy,RU,2022-05-23 02:47:27,69.1989,33.4478,34.41,65,46,9.95,scattered clouds
514,Karratha,AU,2022-05-23 02:47:27,-20.7377,116.8463,72.79,77,100,6.87,light rain
515,Ornskoldsvik,SE,2022-05-23 02:47:27,63.2909,18.7153,31.15,100,100,3.44,fog
516,Abu Zabad,SD,2022-05-23 02:47:28,12.35,29.25,78.94,17,93,9.55,overcast clouds
517,Ghanzi,BW,2022-05-23 02:47:28,-21.5667,21.7833,43.12,65,0,7.05,clear sky
518,Andenes,NO,2022-05-23 02:46:52,69.3143,16.1194,44.58,100,100,3.44,overcast clouds
519,Flinders,AU,2022-05-23 02:47:29,-34.5833,150.8552,61.38,92,98,5.39,light rain
520,Mezen,RU,2022-05-23 02:47:29,65.8522,44.24,31.75,73,100,17.47,light snow
521,Bac Lieu,VN,2022-05-23 02:47:30,9.285,105.7244,83.82,73,100,18.52,moderate rain
522,Priyutnoye,RU,2022-05-23 02:47:30,46.1011,43.5072,56.75,87,100,10.36,overcast clouds
523,Grand Island,US,2022-05-23 02:47:31,40.925,-98.342,64.35,27,100,5.75,overcast clouds
524,Gandajika,CD,2022-05-23 02:47:31,-6.75,23.95,67.14,81,99,0.45,overcast clouds
525,Sept-Iles,CA,2022-05-23 02:46:21,50.2001,-66.3821,49.05,96,100,5.75,fog
526,Lerwick,GB,2022-05-23 02:47:32,60.1545,-1.1494,50.0,98,100,7.02,moderate rain
527,Rudbar,AF,2022-05-23 02:47:32,30.15,62.6,70.66,23,0,18.3,clear sky
528,Bardiyah,LY,2022-05-23 02:47:33,31.7561,25.0865,63.46,84,0,13.51,clear sky
529,Banamba,ML,2022-05-23 02:47:33,13.55,-7.45,82.96,45,72,6.38,broken clouds
530,San Policarpo,PH,2022-05-23 02:47:33,12.1791,125.5072,84.29,71,98,10.92,overcast clouds
531,Ca Mau,VN,2022-05-23 02:47:34,9.1769,105.15,82.53,77,100,13.89,overcast clouds
532,Ust-Kuyga,RU,2022-05-23 02:47:34,70.0167,135.6,36.95,88,58,2.64,broken clouds
533,Igrim,RU,2022-05-23 02:47:35,63.1906,64.4162,40.24,85,100,9.22,overcast clouds
534,Sterling,US,2022-05-23 02:47:35,39.0062,-77.4286,71.22,97,40,8.05,scattered clouds
535,Kinablangan,PH,2022-05-23 02:47:35,7.6947,126.5503,84.47,71,81,5.1,broken clouds
536,Batagay,RU,2022-05-23 02:47:36,67.6333,134.6333,53.4,47,88,2.37,light rain
537,Bandundu,CD,2022-05-23 02:47:36,-3.3167,17.3667,72.75,95,100,3.44,light rain
538,Ribeira Brava,PT,2022-05-23 02:47:37,32.65,-17.0667,65.12,67,36,5.5,scattered clouds
539,Obera,AR,2022-05-23 02:47:37,-27.4871,-55.1199,51.1,89,99,1.83,overcast clouds
540,Alenquer,BR,2022-05-23 02:47:38,-1.9417,-54.7383,74.34,91,84,3.51,broken clouds
541,Bilma,NE,2022-05-23 02:47:38,18.6853,12.9164,82.92,13,58,3.38,broken clouds
542,Rabat,MA,2022-05-23 02:43:03,33.9911,-6.8401,65.16,82,75,4.61,broken clouds
543,Tual,ID,2022-05-23 02:47:39,-5.6667,132.75,83.44,76,20,15.86,few clouds
544,Buin,CL,2022-05-23 02:47:39,-33.7333,-70.75,65.12,46,100,2.21,light rain
545,Molo,KE,2022-05-23 02:47:40,-0.2479,35.7374,54.28,92,84,0.92,broken clouds
546,Porto Walter,BR,2022-05-23 02:47:40,-8.2686,-72.7439,72.25,89,34,2.06,scattered clouds
547,Constitucion,CL,2022-05-23 02:47:41,-35.3333,-72.4167,51.46,93,100,10.74,light rain
548,Coihaique,CL,2022-05-23 02:47:41,-45.5752,-72.0662,34.41,93,75,8.05,light rain
549,Khani,GE,2022-05-23 02:47:42,41.9563,42.9566,47.77,78,66,1.99,broken clouds
550,Krasnyy Chikoy,RU,2022-05-23 02:47:42,50.3643,108.7512,63.36,53,96,10.2,overcast clouds
551,Along,IN,2022-05-23 02:48:42,28.1667,94.7667,79.25,76,100,0.16,overcast clouds
552,Mananjary,MG,2022-05-23 02:48:43,-21.2167,48.3333,66.33,92,19,3.18,few clouds
553,Puerto Carreno,CO,2022-05-23 02:48:43,6.189,-67.4859,76.5,86,100,3.89,overcast clouds
554,Winnemucca,US,2022-05-23 02:48:44,40.973,-117.7357,66.25,16,0,4.61,clear sky
555,Luangwa,ZM,2022-05-23 02:48:44,-15.6167,30.4167,59.61,51,64,4.03,broken clouds
556,Kichmengskiy Gorodok,RU,2022-05-23 02:48:45,59.9816,45.7854,32.58,93,100,8.68,light snow
557,Yarmouth,US,2022-05-23 02:48:45,41.7057,-70.2286,68.97,95,75,18.41,mist
558,Kushima,JP,2022-05-23 02:46:38,31.4583,131.2333,75.52,52,100,3.62,overcast clouds
559,Horn,DE,2022-05-23 02:48:49,51.8715,8.9451,57.34,75,100,5.61,overcast clouds
560,Kolyshley,RU,2022-05-23 02:48:49,52.7005,44.5367,38.88,73,61,11.41,broken clouds
561,Nyurba,RU,2022-05-23 02:48:50,63.2842,118.3319,64.13,40,69,4.41,broken clouds
562,Jacareacanga,BR,2022-05-23 02:48:50,-6.2222,-57.7528,72.48,79,3,1.36,clear sky
563,Mae Hong Son,TH,2022-05-23 02:48:50,19.3003,97.9685,82.54,78,75,0.0,broken clouds
564,Rio Claro,BR,2022-05-23 02:48:51,-22.4114,-47.5614,52.39,78,1,2.82,clear sky
565,Tecoanapa,MX,2022-05-23 02:48:51,16.5167,-98.75,80.35,74,43,4.74,scattered clouds
566,Port Blair,IN,2022-05-23 02:46:31,11.6667,92.75,82.44,89,100,11.5,drizzle
567,Katangli,RU,2022-05-23 02:48:52,51.7102,143.2326,37.94,77,93,10.13,overcast clouds
568,Kupang,ID,2022-05-23 02:48:52,-10.1667,123.5833,87.57,55,70,13.73,broken clouds
569,Conde,BR,2022-05-23 02:48:53,-7.2597,-34.9075,74.66,94,100,6.91,overcast clouds
570,Epe,NG,2022-05-23 02:48:53,6.5841,3.9834,74.41,92,100,2.06,overcast clouds
571,Nanga Eboko,CM,2022-05-23 02:48:54,4.6833,12.3667,69.53,99,100,1.01,moderate rain
572,Desbiens,CA,2022-05-23 02:48:54,48.4178,-71.9495,39.85,89,100,11.18,overcast clouds
573,Dryden,CA,2022-05-23 02:48:54,49.7833,-92.7503,50.29,37,0,6.91,clear sky
574,Auch,FR,2022-05-23 02:46:19,43.65,0.5833,65.25,84,100,5.99,overcast clouds
575,Takoradi,GH,2022-05-23 02:48:55,4.8845,-1.7554,73.71,93,94,6.29,overcast clouds
576,Beringovskiy,RU,2022-05-23 02:48:55,63.05,179.3167,42.69,71,89,10.4,overcast clouds
577,Nhulunbuy,AU,2022-05-23 02:48:56,-12.2333,136.7667,84.81,70,75,16.11,broken clouds
578,Wanaka,NZ,2022-05-23 02:48:56,-44.7,169.15,51.12,60,0,1.99,clear sky
579,Syamzha,RU,2022-05-23 02:48:57,60.0158,41.0614,33.46,69,100,9.57,overcast clouds
580,Guisa,CU,2022-05-23 02:48:57,20.255,-76.5386,71.58,94,100,4.16,overcast clouds
581,Baruun-Urt,MN,2022-05-23 02:48:57,46.6806,113.2792,75.61,19,20,12.21,few clouds
582,Wukari,NG,2022-05-23 02:48:58,7.85,9.7833,75.33,89,87,7.09,overcast clouds
583,San Andres,CO,2022-05-23 02:45:42,12.5847,-81.7006,82.42,78,75,11.5,broken clouds
584,Elmira,US,2022-05-23 02:48:38,42.0898,-76.8077,55.72,84,0,0.0,clear sky
585,Burgeo,CA,2022-05-23 02:44:10,47.6167,-57.6152,46.76,99,100,9.24,overcast clouds
586,Saint-Pierre,RE,2022-05-23 02:48:59,-21.3393,55.4781,67.68,56,0,8.05,clear sky
587,Padang,ID,2022-05-23 02:49:00,-0.9492,100.3543,82.45,65,96,2.1,overcast clouds
588,Kargala,RU,2022-05-23 02:49:00,56.6208,83.9607,58.3,43,100,10.54,overcast clouds
589,Condado,CU,2022-05-23 02:49:00,21.8767,-79.8403,76.51,87,71,8.19,broken clouds
590,Nador,MA,2022-05-23 02:49:01,35.174,-2.9287,70.05,64,0,17.27,clear sky
591,Preston,GB,2022-05-23 02:49:01,53.7667,-2.7167,55.38,88,52,4.25,broken clouds
592,Quatre Cocos,MU,2022-05-23 02:49:02,-20.2078,57.7625,73.51,76,14,10.31,few clouds
593,Thinadhoo,MV,2022-05-23 02:49:02,0.5333,72.9333,83.55,74,100,10.87,overcast clouds
594,Opuwo,NA,2022-05-23 02:49:02,-18.0607,13.84,52.02,26,0,6.33,clear sky
595,Filiatra,GR,2022-05-23 02:49:03,37.15,21.5833,63.7,87,0,6.35,clear sky
596,Maarianhamina,AX,2022-05-23 02:50:03,60.0973,19.9348,30.06,93,0,1.14,clear sky
597,Skhisma,GR,2022-05-23 02:50:04,35.2667,25.7167,65.84,46,0,4.72,clear sky
598,Auxerre,FR,2022-05-23 02:50:04,47.8,3.5667,59.63,96,99,5.14,overcast clouds
599,Namatanai,PG,2022-05-23 02:50:05,-3.6667,152.4333,85.46,63,46,10.25,scattered clouds
600,Paamiut,GL,2022-05-23 02:50:05,61.994,-49.6678,32.95,98,100,20.4,snow
601,Sao Filipe,CV,2022-05-23 02:50:05,14.8961,-24.4956,71.19,73,10,6.42,clear sky
602,Yatou,CN,2022-05-23 02:50:06,37.15,122.3833,78.67,42,100,15.7,overcast clouds
603,Jambi,ID,2022-05-23 02:50:06,-1.6,103.6167,85.78,68,63,4.59,broken clouds
604,Maple Creek,CA,2022-05-23 02:50:07,49.9168,-109.4848,57.25,35,87,2.3,overcast clouds
605,Walvis Bay,NA,2022-05-23 02:50:07,-22.9575,14.5053,64.76,35,10,4.61,clear sky
606,Barra Do Bugres,BR,2022-05-23 02:50:08,-15.0725,-57.1811,64.9,59,57,2.08,broken clouds
607,Varia,FR,2022-05-23 02:50:08,44.5725,-0.1104,66.0,84,98,14.14,overcast clouds
608,Meulaboh,ID,2022-05-23 02:50:08,4.1363,96.1285,82.76,74,100,2.62,overcast clouds
609,Hockenheim,DE,2022-05-23 02:50:09,49.3228,8.5458,62.85,71,100,3.15,overcast clouds
610,Moose Factory,CA,2022-05-23 02:50:09,51.2585,-80.6094,46.4,70,75,5.75,broken clouds
611,Nha Trang,VN,2022-05-23 02:50:10,12.25,109.1833,91.4,60,100,0.29,overcast clouds
612,Plyussa,RU,2022-05-23 02:50:10,58.4308,29.3654,38.1,56,10,3.87,clear sky
613,Rivadavia,AR,2022-05-23 02:48:12,-33.1905,-68.4608,52.34,57,44,4.72,scattered clouds
614,Vagur,FO,2022-05-23 02:50:11,61.4732,-6.8119,46.92,91,18,10.83,few clouds
615,Taldan,RU,2022-05-23 02:50:11,53.6667,124.8,42.93,91,100,10.92,light rain
616,Yamada,JP,2022-05-23 02:50:12,39.4667,141.95,58.95,79,100,3.02,moderate rain
617,Espumoso,BR,2022-05-23 02:50:12,-28.7247,-52.8497,51.48,87,95,5.01,overcast clouds
618,Barsovo,RU,2022-05-23 02:50:12,61.1667,73.1667,46.53,60,80,14.74,broken clouds
619,Xuanhua,CN,2022-05-23 02:50:13,40.6103,115.0447,82.31,23,39,7.18,scattered clouds
620,Zambezi,ZM,2022-05-23 02:50:13,-13.5432,23.1047,48.76,37,5,5.86,clear sky
621,Yeppoon,AU,2022-05-23 02:50:14,-23.1333,150.7333,71.38,81,97,19.08,light rain
622,Pasuruan,ID,2022-05-23 02:50:14,-7.6453,112.9075,87.69,64,10,5.41,clear sky
623,Rivas,NI,2022-05-23 02:50:14,11.4372,-85.8263,80.46,79,93,13.33,overcast clouds
624,Williamsport,US,2022-05-23 02:45:57,41.2412,-77.0011,69.53,63,100,8.05,overcast clouds
625,Seoul,KR,2022-05-23 02:48:26,37.5683,126.9778,78.37,51,40,3.44,mist
626,Bhola,BD,2022-05-23 02:50:15,22.6833,90.65,88.07,62,4,5.35,clear sky
627,Port Lincoln,AU,2022-05-23 02:50:16,-34.7333,135.8667,66.54,61,17,12.57,few clouds
628,Tadine,NC,2022-05-23 02:50:16,-21.55,167.8833,79.0,79,4,11.65,clear sky
629,Turayf,SA,2022-05-23 02:50:16,31.6725,38.6637,57.45,67,0,9.22,clear sky
630,Dicabisagan,PH,2022-05-23 02:50:17,17.0818,122.4157,86.88,69,100,10.94,moderate rain
631,Mackay,AU,2022-05-23 02:48:08,-21.15,149.2,74.68,78,87,15.68,overcast clouds
632,Kununurra,AU,2022-05-23 02:48:49,-15.7667,128.7333,87.78,29,92,13.8,overcast clouds
633,Yerbogachen,RU,2022-05-23 02:50:17,61.2767,108.0108,62.29,57,48,5.03,scattered clouds
634,Los Llanos De Aridane,ES,2022-05-23 02:50:18,28.6585,-17.9182,65.95,74,100,13.8,overcast clouds
635,Danielskuil,ZA,2022-05-23 02:50:18,-28.1887,23.5395,46.63,77,3,4.05,clear sky
636,Bathsheba,BB,2022-05-23 02:50:19,13.2167,-59.5167,81.21,78,40,14.97,scattered clouds
637,Chenzhou,CN,2022-05-23 02:50:19,25.8,113.0333,66.61,99,100,1.43,light rain
638,Tynda,RU,2022-05-23 02:50:20,55.1667,124.7167,57.31,36,100,9.01,overcast clouds
639,Seguin,US,2022-05-23 02:50:20,29.5688,-97.9647,78.44,70,0,10.36,clear sky
640,Soe,ID,2022-05-23 02:48:44,-9.8607,124.284,79.27,55,84,10.09,broken clouds
641,Petropavlovskoye,RU,2022-05-23 02:50:21,52.0712,84.107,55.33,50,100,2.55,overcast clouds
642,Itarema,BR,2022-05-23 02:50:21,-2.9248,-39.9167,75.06,87,8,7.99,clear sky
643,Statesboro,US,2022-05-23 02:45:54,32.4488,-81.7832,71.13,94,0,0.0,clear sky
644,Whittlesea,ZA,2022-05-23 02:50:22,-32.1759,26.8244,46.9,84,58,3.09,broken clouds
645,Caravelas,BR,2022-05-23 02:51:22,-17.7125,-39.2481,69.01,79,58,6.08,broken clouds
646,Basco,PH,2022-05-23 02:51:22,20.4487,121.9702,82.71,78,90,9.1,heavy intensity rain
647,Bugiri,UG,2022-05-23 02:51:23,0.5714,33.7417,63.0,93,93,3.74,overcast clouds
648,Marathon,US,2022-05-23 02:51:23,44.9,-89.7668,51.33,46,100,4.61,overcast clouds
649,Monrovia,LR,2022-05-23 02:48:34,6.3005,-10.7969,75.11,95,100,9.69,moderate rain
650,Maragogi,BR,2022-05-23 02:51:24,-9.0122,-35.2225,75.58,82,38,11.59,scattered clouds
651,High Level,CA,2022-05-23 02:51:24,58.5169,-117.136,53.71,40,75,5.75,broken clouds
652,Henties Bay,NA,2022-05-23 02:51:25,-22.116,14.2845,62.65,47,0,1.36,clear sky
653,Zhigansk,RU,2022-05-23 02:51:25,66.7697,123.3711,50.77,47,80,3.74,broken clouds
654,Svetlaya,RU,2022-05-23 02:51:26,46.5389,138.3297,48.47,74,76,7.78,broken clouds
655,Kurchatov,RU,2022-05-23 02:51:26,51.6601,35.6521,42.96,87,5,5.7,clear sky
656,Chastyye,RU,2022-05-23 02:51:27,57.2888,54.9728,37.96,69,22,8.88,few clouds
657,Budapest,HU,2022-05-23 02:48:35,47.498,19.0399,52.83,65,0,4.61,clear sky
658,Kirksville,US,2022-05-23 02:51:27,40.1948,-92.5833,51.75,79,0,0.0,clear sky
659,Bogale,MM,2022-05-23 02:51:28,16.2833,95.4,78.06,92,100,9.82,moderate rain
660,Ganzhou,CN,2022-05-23 02:48:47,28.8184,115.4327,69.28,86,100,1.43,overcast clouds
661,Naryan-Mar,RU,2022-05-23 02:51:28,67.6713,53.087,29.21,86,100,27.36,overcast clouds
662,Belaya Gora,RU,2022-05-23 02:51:29,68.5333,146.4167,56.01,39,34,4.29,scattered clouds
663,Manicore,BR,2022-05-23 02:51:29,-5.8092,-61.3003,73.35,100,0,0.0,clear sky
664,Coro,VE,2022-05-23 02:51:29,11.4045,-69.6734,77.34,81,6,15.7,clear sky
665,Changji,CN,2022-05-23 02:51:30,44.0167,87.3167,75.99,38,0,8.95,clear sky
666,Tehachapi,US,2022-05-23 02:51:30,35.1322,-118.449,73.33,27,1,11.01,clear sky
667,The Valley,AI,2022-05-23 02:50:04,18.217,-63.0578,80.46,76,88,17.67,overcast clouds
668,Tornio,FI,2022-05-23 02:51:31,65.8481,24.1466,35.62,85,100,4.88,overcast clouds
669,Russell,US,2022-05-23 02:51:31,32.3502,-85.1999,71.38,94,20,3.44,few clouds
670,Huambo,AO,2022-05-23 02:51:32,-12.7761,15.7392,52.03,68,27,3.24,scattered clouds
671,Xuddur,SO,2022-05-23 02:51:32,4.1213,43.8894,72.57,84,62,14.36,broken clouds
672,Srednekolymsk,RU,2022-05-23 02:51:33,67.45,153.6833,59.52,32,87,11.36,overcast clouds
673,Visby,SE,2022-05-23 02:51:33,57.6409,18.296,30.42,100,8,0.0,fog
674,Riosucio,CO,2022-05-23 02:50:43,5.4216,-75.7032,60.06,99,100,1.63,overcast clouds
675,Abalak,RU,2022-05-23 02:51:34,58.1286,68.5944,46.18,72,83,12.68,broken clouds
676,Ikongo,MG,2022-05-23 02:51:34,-21.8833,47.4333,61.43,92,0,2.44,clear sky
677,Goderich,CA,2022-05-23 02:51:35,43.7501,-81.7165,44.92,81,98,3.44,overcast clouds
678,Oneonta,US,2022-05-23 02:47:58,42.4529,-75.0638,54.81,99,100,9.69,overcast clouds
679,Kushmurun,KZ,2022-05-23 02:51:36,52.4503,64.6311,54.97,81,100,25.03,overcast clouds
680,Ipora,BR,2022-05-23 02:51:36,-16.4419,-51.1178,56.43,45,12,3.51,few clouds
681,Zvishavane,ZW,2022-05-23 02:51:36,-20.3267,30.0665,47.52,57,0,3.65,clear sky
682,Tapejara,BR,2022-05-23 02:51:37,-28.0681,-52.0139,49.87,84,100,4.09,overcast clouds
683,Chapais,CA,2022-05-23 02:51:37,49.7834,-74.8492,33.58,96,44,4.7,scattered clouds
